iter	Recall	MultiCrossEntropy
0	0.4298610777	0.6521747515
1	0.3520329175	0.6143445437
2	0.2541473719	0.5780118279
3	0.2528331487	0.5433558063
4	0.2528331487	0.5115888174
5	0.2540854452	0.4838293546
6	0.2538377382	0.453075064
7	0.2538377382	0.4277183263
8	0.2538308574	0.4070611521
9	0.2538308574	0.3876427392
10	0.2538308574	0.3652356443
11	0.2528331487	0.3485798854
12	0.2780579772	0.3320558481
13	0.326422767	0.3162120211
14	0.3264365285	0.30053084
15	0.389326581	0.2875756998
16	0.389216489	0.2725285728
17	0.389326581	0.2612672361
18	0.389326581	0.2502211939
19	0.3893747463	0.2402870178
20	0.389326581	0.2278836956
21	0.2788492634	0.2191783585
22	0.2788492634	0.2097821594
23	0.2780855002	0.2019513507
24	0.2788079789	0.194684893
25	0.2780855002	0.1875897127
26	0.2780855002	0.178651737
27	0.2780855002	0.1702646773
28	0.2780579772	0.1645823883
29	0.2780579772	0.1572639918
30	0.2780579772	0.152542073
31	0.2599753669	0.1477545162
32	0.2780579772	0.1419847575
33	0.2780855002	0.1377866992
34	0.2780855002	0.1339739442
35	0.2780579772	0.1300465808
36	0.2780855002	0.1265067091
37	0.2780579772	0.1229907652
38	0.2780855002	0.1198669064
39	0.2781130232	0.1169659624
40	0.2788492634	0.1140668858
41	0.2788561442	0.1113402192
42	0.2789043094	0.1088037133
43	0.2789043094	0.1064731328
44	0.2789043094	0.1042248037
45	0.2789043094	0.1021447721
46	0.2789043094	0.1002138146
47	0.2789043094	0.09799629529
48	0.3417049122	0.09622170406
49	0.3417049122	0.09455880738
50	0.3417049122	0.09232868187
51	0.3417049122	0.09084564531
52	0.3417049122	0.08949883854
53	0.3417049122	0.08792352958
54	0.3417049122	0.0866619181
55	0.3417049122	0.08546556735
56	0.3417806004	0.08377752423
57	0.3417806004	0.08272041012
58	0.3417806004	0.0814593104
59	0.3417806004	0.08025978579
60	0.3417874812	0.07935701816
61	0.3417874812	0.07850375515
62	0.3417874812	0.07762517364
63	0.389464196	0.07679581881
64	0.389464196	0.07602639609
65	0.389464196	0.07530708525
66	0.389464196	0.07376353838
67	0.389464196	0.07313228783
68	0.389464196	0.07164424483
69	0.389464196	0.07107166235
70	0.389464196	0.0697114153
71	0.389464196	0.06845407325
72	0.389464196	0.06724319628
73	0.389464196	0.06662748844
74	0.389464196	0.06617310788
75	0.389464196	0.06507144496
76	0.389464196	0.06407014747
77	0.389464196	0.06308462902
78	0.389464196	0.06215665589
79	0.389464196	0.06129659701
80	0.389464196	0.06047807073
81	0.389464196	0.0597361221
82	0.389464196	0.05941305126
83	0.389464196	0.05871615164
84	0.3894573153	0.05845368125
85	0.3894573153	0.05783821809
86	0.3894573153	0.05760144969
87	0.3927256714	0.05700235705
88	0.3927463136	0.05679500062
89	0.3927738366	0.05621512471
90	0.3927463136	0.05604161841
91	0.3927738366	0.05551536323
92	0.3928288826	0.05501552706
93	0.3932210854	0.05453693318
94	0.3937233801	0.05408266157
95	0.3937853068	0.05365267879
96	0.3939779678	0.05324019395
97	0.3939917293	0.05284886186
98	0.3941018213	0.05250755453
99	0.3941843903	0.05215155475
100	0.3941843903	0.05184144297
101	0.3938885181	0.05154376974
102	0.3938609951	0.05126119166
103	0.3915146594	0.05099123696
104	0.3915146594	0.05070630931
105	0.3915765862	0.05043429091
106	0.3846751942	0.0501975612
107	0.3847164787	0.04997215625
108	0.347016851	0.04975658181
109	0.347016851	0.0495253436
110	0.3470306125	0.04931921132
111	0.347126943	0.04909966467
112	0.352872369	0.04891057207
113	0.358012289	0.04873645187
114	0.358397611	0.04862359465
115	0.3584870608	0.04851373676
116	0.3590168785	0.04835343894
117	0.3602760557	0.04817748501
118	0.3616178019	0.0480791714
119	0.3621751426	0.04792517102
120	0.3630834016	0.04778617923
121	0.3639159723	0.04769235094
122	0.3647279008	0.0475407684
123	0.3654503795	0.04740899989
124	0.3662485464	0.0472907813
125	0.3667646027	0.04716990135
126	0.3669366214	0.04709365598
127	0.3670329519	0.04697902274
128	0.3674113931	0.04691163055
129	0.3679412109	0.04682860564
130	0.3682508446	0.04676070397
131	0.3686499281	0.04665877735
132	0.3690834153	0.04658681229
133	0.3694136913	0.04652284989
134	0.3711476402	0.04642433528
135	0.3794939897	0.04636602921
136	0.3825284003	0.04631756519
137	0.3828517955	0.04625571359
138	0.3853632692	0.04621136207
139	0.3860375827	0.04616815032
140	0.3869664839	0.04612684402
141	0.3914940172	0.04608609721
142	0.4009688096	0.04604691422
143	0.4083724963	0.04600101262
144	0.4099344265	0.0459503947
145	0.4106362629	0.04591075025
146	0.4112417689	0.04581935569
147	0.4120055321	0.04577374784
148	0.4108770892	0.04573792842
149	0.4117096599	0.04569699282
150	0.4131064521	0.04566525884
151	0.4114963566	0.045632607
152	0.4145514095	0.04560330378
153	0.4155628797	0.04557443237
154	0.4196362836	0.04553406243
155	0.4210330758	0.04546587357
156	0.4225812445	0.04542392884
157	0.4237234489	0.04539881086
158	0.4251477641	0.04532839272
159	0.4259528118	0.04529100518
160	0.426689052	0.0452610762
161	0.4268129055	0.04523903701
162	0.427294558	0.04521774331
163	0.4272876773	0.04519418185
164	0.4293450214	0.04512995151
165	0.4298886007	0.04509127471
166	0.4301844729	0.04507075855
167	0.4321454866	0.04504425213
168	0.4328198	0.04498858706
169	0.433205122	0.04490593174
170	0.433397783	0.04488694927
171	0.4337142975	0.04486796167
172	0.4340376927	0.04482085364
173	0.4341271425	0.04480363424
174	0.4343954917	0.04474399249
175	0.4338037473	0.04472024051
176	0.4338312703	0.04469755022
177	0.4343748495	0.04465232679
178	0.4350147592	0.04460093909
179	0.4352487047	0.04454755261
180	0.4359367797	0.04450475748
181	0.4358198069	0.0444600825
182	0.4362188904	0.04440332187
183	0.4357028342	0.04438614792
184	0.4352555854	0.0443517499
185	0.4351386127	0.04430396193
186	0.4355445769	0.04427733374
187	0.4363427439	0.04424315186
188	0.4367349466	0.04420233423
189	0.4369757729	0.04417033272
190	0.4369688921	0.04412943783
191	0.4369895344	0.04411215354
192	0.4373198104	0.04408096545
193	0.4374987099	0.04403935749
194	0.4376982516	0.04399042544
195	0.4377877013	0.043954503
196	0.4379390778	0.04393752329
197	0.4383656843	0.04391672251
198	0.4385032993	0.04390583254
199	0.4386684373	0.04387087314
200	0.4386615566	0.04385843288
201	0.4386340336	0.04382628101
202	0.4386821988	0.0437939108
203	0.4388955021	0.04375699339
204	0.4388542176	0.04371499595
205	0.4408358735	0.04367580298
206	0.4415858752	0.0436197712
207	0.4421500967	0.04359360076
208	0.4424803727	0.04356498418
209	0.4421088122	0.04352720494
210	0.4421363352	0.04349929544
211	0.4427418412	0.04348489743
212	0.4428037679	0.04344891945
213	0.4430101904	0.04342199808
214	0.4433335856	0.04338455683
215	0.4579895825	0.04334569691
216	0.4638863851	0.0433197123
217	0.4640515231	0.04328230229
218	0.4664116202	0.04323819039
219	0.4809300021	0.04321444058
220	0.4810400941	0.04319980324
221	0.4810744979	0.04318287747
222	0.4811914706	0.04315052477
223	0.4812671589	0.0431382037
224	0.4813772509	0.04312496292
225	0.4823199136	0.04308679415
226	0.4862212987	0.04304001408
227	0.4866410244	0.0429944015
228	0.4867304742	0.04296847857
229	0.4868199239	0.04295877339
230	0.4874254299	0.04291541074
231	0.4875974486	0.04290398495
232	0.489400205	0.04285844938
233	0.4895722238	0.04284681537
234	0.4921731472	0.04282078151
235	0.4924414964	0.0428101374
236	0.4928543414	0.04280128004
237	0.4928749837	0.04276021443
238	0.4932052596	0.04274688218
239	0.4938382886	0.04273471623
240	0.4943543448	0.04272002903
241	0.4946502171	0.04270622459
242	0.4962121473	0.04269624211
243	0.4963153585	0.04265822552
244	0.496494258	0.04262611189
245	0.4971410485	0.04261613589
246	0.4975332512	0.04260196122
247	0.4980837112	0.04259095317
248	0.4983727027	0.04257787957
249	0.4987029787	0.04256984276
250	0.4988268322	0.04255610152
251	0.4996043569	0.04253554561
252	0.4997144489	0.04250006315
253	0.5005126159	0.04248683553
254	0.5007947266	0.04247951852
255	0.5009461031	0.04246518731
256	0.5014415171	0.04242915739
257	0.5022534455	0.04239541308
258	0.5017236278	0.0423871785
259	0.5024805103	0.04237490768
260	0.5027144558	0.04235968606
261	0.5029621628	0.04235082879
262	0.5030997778	0.04233795868
263	0.5030791355	0.04231997303
264	0.5029759243	0.04230957364
265	0.5030309703	0.04229227768
266	0.503340604	0.04228102751
267	0.503450696	0.04226783927
268	0.50339565	0.04225792209
269	0.5035745495	0.04224824506
270	0.5039598715	0.04223993643
271	0.5041456517	0.04223233166
272	0.504028679	0.04222242912
273	0.5041250095	0.04221670579
274	0.504303909	0.04220354109
275	0.5041456517	0.0421945301
276	0.504138771	0.04216112637
277	0.504166294	0.04212957104
278	0.5043383127	0.04212230806
279	0.5044552854	0.04209586967
280	0.5045103314	0.04207689484
281	0.5045653774	0.04205841721
282	0.5046823502	0.04205275338
283	0.5049851032	0.04202410627
284	0.5050883144	0.04200930269
285	0.5051846449	0.04200274096
286	0.5051915257	0.04198642972
287	0.5052328102	0.04198050006
288	0.5052947369	0.04195545724
289	0.5054254712	0.04194080283
290	0.5055974899	0.04192728061
291	0.5057007011	0.04190986023
292	0.5057282241	0.04190045064
293	0.5058383161	0.04188759474
294	0.5059208851	0.04187907191
295	0.5059002429	0.04186965385
296	0.5058451969	0.04185894252
297	0.5059621696	0.04185060118
298	0.5061204269	0.0418409195
299	0.5062718034	0.04181259407
300	0.5063130879	0.04179313961
301	0.5065745564	0.04178861336
302	0.5067947404	0.04178423265
303	0.5068153826	0.0417756054
304	0.5068635479	0.04176222259
305	0.5068497864	0.0417408491
306	0.5068497864	0.04173504716
307	0.5067534559	0.04172336541
308	0.5068497864	0.04170377997
309	0.5068635479	0.04169796387
310	0.5069254746	0.04167925535
311	0.5069254746	0.04165870412
312	0.5071112548	0.0416534133
313	0.5070906126	0.04163102724
314	0.5072970351	0.04162007415
315	0.5074759346	0.04160102019
316	0.5078199721	0.04158394333
317	0.5079713486	0.04157248394
318	0.5086250198	0.04156849296
319	0.5089552958	0.04155749753
320	0.5091823605	0.04154568811
321	0.5093543793	0.04153503972
322	0.5094644712	0.04152386551
323	0.509581444	0.04151596646
324	0.5096433707	0.04150725648
325	0.5096571322	0.04149801853
326	0.5098910777	0.04148753822
327	0.5100149312	0.04147150999
328	0.5100837387	0.04145761515
329	0.5100906195	0.04143707562
330	0.510076858	0.04143220098
331	0.5100975002	0.04140743875
332	0.5101181425	0.04140197017
333	0.5102832805	0.04139702781
334	0.5103108035	0.04137447747
335	0.510434657	0.04135901196
336	0.510489703	0.04133757797
337	0.510572272	0.04131901763
338	0.5106961254	0.04131249851
339	0.5108130982	0.04129932006
340	0.5136479671	0.04127958602
341	0.5137442976	0.04127227702
342	0.5140401698	0.04126122712
343	0.5145768683	0.04124184017
344	0.5149002635	0.04122344142
345	0.515079163	0.04122054435
346	0.5152236588	0.04121715023
347	0.5152787048	0.04121122829
348	0.515299347	0.04120269639
349	0.5153406315	0.04119781334
350	0.5154782465	0.04118638559
351	0.516510359	0.04116787148
352	0.5179690779	0.04115946184
353	0.5192488974	0.04113807427
354	0.5198199996	0.04111865279
355	0.5198888071	0.04111235341
356	0.5200126606	0.04110353493
357	0.5202603676	0.04109943026
358	0.5203773403	0.04109312128
359	0.5206112858	0.04108927388
360	0.5207351393	0.04107896044
361	0.5209002773	0.04107625978
362	0.5210310115	0.04106216083
363	0.5211411035	0.04104803401
364	0.5211617458	0.04103303512
365	0.52129248	0.04102787047
366	0.5213681683	0.04102257627
367	0.52156771	0.04101030519
368	0.5215814715	0.04100512941
369	0.521595233	0.04099945943
370	0.5219736743	0.04098102705
371	0.5222076197	0.04097160875
372	0.5223796385	0.0409606887
373	0.522751199	0.04095718804
374	0.5228406487	0.04095214899
375	0.5229645022	0.0409478544
376	0.5288062587	0.0409281312
377	0.5289025892	0.04092261238
378	0.5290883695	0.0409098226
379	0.5301067204	0.04089913553
380	0.5299071787	0.04089511097
381	0.5301892894	0.04087864033
382	0.5324048908	0.04086391944
383	0.5327076438	0.04085893821
384	0.5339186558	0.0408427163
385	0.5338498483	0.04083916288
386	0.5338980135	0.04083497705
387	0.534021867	0.04082484486
388	0.5343590238	0.04080983639
389	0.5344828773	0.04080288215
390	0.5345516848	0.04079551058
391	0.5349645297	0.04079208786
392	0.5350058142	0.04078616352
393	0.535040218	0.04077652728
394	0.5351847137	0.04076988459
395	0.5354737052	0.04076145215
396	0.5356388432	0.04074522375
397	0.5358727887	0.04073856163
398	0.5360379267	0.04073500673
399	0.5361273764	0.04072809764
400	0.5361548994	0.04071885552
401	0.5362925144	0.04071368917
402	0.5363613219	0.0407094678
403	0.5365539829	0.04070592258
404	0.5367879284	0.04070308614
405	0.5368567359	0.04068151925
406	0.5370149932	0.04067546856
407	0.5372282964	0.04066728118
408	0.5373108654	0.0406475458
409	0.5374347189	0.04062584059
410	0.5375998569	0.0406178971
411	0.5379989404	0.04059881063
412	0.5380402249	0.04058603443
413	0.5381778399	0.04058263942
414	0.5382397666	0.04057414708
415	0.5384186661	0.04056966802
416	0.5385975656	0.0405637649
417	0.5386663731	0.04055934422
418	0.5385287581	0.0405464813
419	0.5386457308	0.04053984399
420	0.5389760068	0.04053140082
421	0.5391273833	0.04052547569
422	0.5392099523	0.0405191484
423	0.5394920631	0.04051475923
424	0.5397466508	0.04051011887
425	0.5396503203	0.04050588591
426	0.5396984855	0.04049895585
427	0.5398429813	0.04049150035
428	0.5402145418	0.04047319944
429	0.5402833493	0.04046782337
430	0.540345276	0.04046120798
431	0.5406067445	0.04045900322
432	0.5405310563	0.04045317224
433	0.540703075	0.04044986733
434	0.5408544515	0.04044427156
435	0.5409094975	0.04043526987
436	0.5407994055	0.04043049162
437	0.5409576627	0.04042379388
438	0.5412397735	0.04041436767
439	0.541308581	0.04040982702
440	0.541253535	0.04040346029
441	0.541776472	0.04039807002
442	0.5424370239	0.04037947717
443	0.5424370239	0.04037490272
444	0.5426021619	0.04036953698
445	0.5426984924	0.04036600134
446	0.5427604192	0.04036245797
447	0.5429186764	0.04035801991
448	0.5430287684	0.04034610497
449	0.5431319797	0.04034046748
450	0.5450585896	0.04032913297
451	0.5454783153	0.04031116233
452	0.5457741876	0.04030778667
453	0.5459737293	0.04029707328
454	0.5462971245	0.04028614497
455	0.5466618043	0.04028175606
456	0.5467581348	0.0402780979
457	0.5467856578	0.0402751984
458	0.546971438	0.0402690982
459	0.5470952915	0.0402634876
460	0.5476801552	0.04024798003
461	0.548127404	0.0402379853
462	0.548099881	0.04023265713
463	0.5484163955	0.04022736506
464	0.5484920837	0.04022619047
465	0.5486159372	0.04021777162
466	0.5487741944	0.0402141889
467	0.5487879559	0.04020965473
468	0.5488842864	0.04020599255
469	0.5489186902	0.04020235287
470	0.5491526357	0.04019854084
471	0.5492420854	0.04019152041
472	0.5493246544	0.04018325115
473	0.5493108929	0.04017916027
474	0.5493177737	0.04017665003
475	0.5494209849	0.04016713875
476	0.5494622694	0.04016178508
477	0.5495654807	0.0401508401
478	0.5495310769	0.04014641559
479	0.5497581416	0.04013723409
480	0.5500058486	0.04012304345
481	0.5500471331	0.04011405483
482	0.5501985096	0.04010892234
483	0.5502329134	0.04010595827
484	0.5504668589	0.04009488455
485	0.5504393359	0.04008996629
486	0.5507558504	0.04008713737
487	0.5509416306	0.04008365011
488	0.5509485113	0.04007951513
489	0.5509760343	0.04007637777
490	0.5510104381	0.04007121209
491	0.5510723648	0.04006680118
492	0.5512099798	0.04005969443
493	0.5512168606	0.04005091633
494	0.5515196136	0.04003699763
495	0.5518567703	0.04002420608
496	0.5519668623	0.04001647126
497	0.5521320003	0.04001330358
498	0.5521320003	0.04001005333
499	0.5521251196	0.0400070347
500	0.5521526426	0.03999991551
501	0.5521801656	0.03999162515
502	0.5522833768	0.03998477064
503	0.5525930105	0.03998100494
504	0.5526205335	0.0399730674
505	0.552799433	0.03996979791
506	0.5528682405	0.03996856803
507	0.5528751213	0.03996034934
508	0.5531434705	0.03994935753
509	0.5531228283	0.03994490339
510	0.5533017278	0.03994191379
511	0.553625123	0.03993679707
512	0.5539141145	0.03993338093
513	0.5539898027	0.03992591942
514	0.554230629	0.03991755618
515	0.5542099867	0.03991375514
516	0.5543476017	0.03990349651
517	0.5543338402	0.03989602965
518	0.5543751247	0.03989248534
519	0.55442329	0.03988255135
520	0.5547535659	0.03987891896
521	0.5548154927	0.0398708605
522	0.5547810889	0.03986454582
523	0.5547535659	0.03986023762
524	0.5549393462	0.03985457089
525	0.5551113649	0.0398517104
526	0.5552076954	0.03984427106
527	0.5552008147	0.03983938224
528	0.5552489799	0.03983621582
529	0.5553246682	0.03982954137
530	0.5554141179	0.03982493365
531	0.5554829254	0.03982269597
532	0.5555310907	0.03981709944
533	0.5558682474	0.03981261556
534	0.5564806341	0.03980890924
535	0.5569003599	0.03980106997
536	0.5571136631	0.03979843396
537	0.5571136631	0.03979219845
538	0.5575196273	0.03978570853
539	0.5580769681	0.03978205362
540	0.5584554093	0.03977930136
541	0.558572382	0.03977362896
542	0.558792566	0.0397705543
543	0.5595150448	0.03976225087
544	0.5595700908	0.03975852085
545	0.5596801828	0.03975340182
546	0.559783394	0.03975093255
547	0.5599966972	0.0397493681
548	0.560416423	0.03974164193
549	0.560471469	0.03973627526
550	0.5611595439	0.03973420158
551	0.5612283514	0.03973210943
552	0.5614691777	0.0397288941
553	0.5615379852	0.03972470354
554	0.5615242237	0.03972186078
555	0.5617306462	0.03971719153
556	0.5621297297	0.03970886461
557	0.5623223906	0.0397039666
558	0.5623292714	0.03970236393
559	0.5625838591	0.03969803213
560	0.5627558779	0.03969444222
561	0.5628109239	0.03968772599
562	0.5627971624	0.0396835553
563	0.5629760619	0.03967761886
564	0.5634164299	0.03966944231
565	0.5639324861	0.03966439683
566	0.5643315696	0.03966081859
567	0.5646549648	0.03965791934
568	0.5646687263	0.03965475775
569	0.5652742323	0.03965005426
570	0.5656045083	0.03964151919
571	0.5655976275	0.03963752387
572	0.5656045083	0.03963545474
573	0.565941665	0.03963125609
574	0.5658246923	0.039629047
575	0.5664852442	0.03962538705
576	0.566574694	0.03961979484
577	0.566739832	0.03961701259
578	0.5667260705	0.0396148181
579	0.5692100211	0.03961065131
580	0.5708269973	0.03960802127
581	0.571164154	0.03960449312
582	0.5713155305	0.03960163291
583	0.5714600263	0.03959711828
584	0.571466907	0.03959335024
585	0.5717627793	0.03958961828
586	0.5719141558	0.03958675311
587	0.5730838832	0.03958447662
588	0.5732765442	0.03957756966
589	0.5733797555	0.03957478825
590	0.573531132	0.03957044302
591	0.5747008594	0.039567588
592	0.5748659974	0.03956342014
593	0.5749004011	0.03956041613
594	0.5749279241	0.03955823451
595	0.5749210434	0.03955589851
596	0.5750104931	0.03955325122
597	0.5752650809	0.03955027255
598	0.5752513194	0.03954647638
599	0.5752994846	0.03954223855
600	0.5752719616	0.03953946688
601	0.5752650809	0.03953631587
602	0.5757811371	0.03953142258
603	0.5760219634	0.03952635143
604	0.5763797623	0.03952314438
605	0.5764348083	0.0395186529
606	0.5764898543	0.03951398168
607	0.5765861848	0.03951173543
608	0.5766549923	0.03950820588
609	0.5768132496	0.03950630057
610	0.5768338918	0.03950289013
611	0.5769715068	0.03950197566
612	0.5769783876	0.03949760558
613	0.5770265528	0.039495016
614	0.5771022411	0.03949117744
615	0.5771366448	0.03948610177
616	0.5772949021	0.03948142804
617	0.5775563705	0.03947903655
618	0.5778522428	0.03947502059
619	0.577872885	0.03947122011
620	0.5781274728	0.03946837252
621	0.578120592	0.03946540667
622	0.5780724268	0.03946105468
623	0.5781412343	0.03945701942
624	0.5782169225	0.03945215494
625	0.578505914	0.03945008138
626	0.5784577488	0.03944674329
627	0.578505914	0.03944334548
628	0.5787123365	0.03943619297
629	0.5787605017	0.03943365057
630	0.5787949055	0.03943051826
631	0.5787673825	0.03942795546
632	0.5788705937	0.03942397201
633	0.578918759	0.03942011678
634	0.5789325205	0.03941849724
635	0.5790357317	0.03941512389
636	0.5790770162	0.03941296004
637	0.5793728885	0.03940872488
638	0.5794485767	0.03940702666
639	0.5795105035	0.0394004547
640	0.5794279345	0.03939700719
641	0.5795861917	0.03939435918
642	0.5795861917	0.03939166849
643	0.5797926142	0.03938833731
644	0.5798614217	0.03938543832
645	0.5799095869	0.0393811251
646	0.5798407795	0.03937791608
647	0.5800127982	0.03937631319
648	0.5800953672	0.03936976095
649	0.5801572939	0.03936527826
650	0.5802742667	0.03936115156
651	0.5803293127	0.03935904873
652	0.5804531662	0.03935508343
653	0.5804738084	0.03935239672
654	0.5805426159	0.03935093388
655	0.5808109652	0.03934740069
656	0.5809485802	0.03934431174
657	0.5810311492	0.03933784194
658	0.5810242684	0.03933384332
659	0.5809829839	0.03932951829
660	0.5809485802	0.03932702431
661	0.5810724337	0.03932368005
662	0.5811343604	0.03932181014
663	0.5811962871	0.03931877097
664	0.5813270214	0.0393122635
665	0.5814164711	0.03931030128
666	0.5815128016	0.03930633538
667	0.5816228936	0.03930340657
668	0.5816504166	0.03930000824
669	0.5815816091	0.03929627374
670	0.5815816091	0.03929365398
671	0.5816435359	0.0392915821
672	0.5817054626	0.03928833405
673	0.5817329856	0.03928609959
674	0.5818843621	0.03928314588
675	0.5818361969	0.03927962385
676	0.5819669311	0.0392736346
677	0.5820150964	0.03927044753
678	0.5820563809	0.0392687399
679	0.5820701424	0.03926741431
680	0.5820976654	0.03926510599
681	0.5821939959	0.03926373061
682	0.5822146381	0.03926280545
683	0.5823453724	0.03925898416
684	0.5822972071	0.03925663899
685	0.5823453724	0.03925168575
686	0.5824279413	0.03924752045
687	0.5825517948	0.03924384625
688	0.5825242718	0.03923970225
689	0.5825586756	0.0392365275
690	0.5826550061	0.03923454354
691	0.5826894098	0.03923264536
692	0.5827238136	0.03922834474
693	0.5826481253	0.03922427849
694	0.5827238136	0.03922199213
695	0.5827444558	0.0392202513
696	0.5827857403	0.03921764262
697	0.5827926211	0.03921543484
698	0.5828339056	0.03920851726
699	0.5829164746	0.03920439073
700	0.5828614286	0.03920166286
701	0.5828476671	0.0391987596
702	0.5828820708	0.03919513927
703	0.5829646398	0.0391940038
704	0.5830128051	0.03919240144
705	0.5832880351	0.03918746459
706	0.5834462923	0.03918352061
707	0.5833981271	0.03917825901
708	0.5833499618	0.03917418765
709	0.5835013383	0.03916936042
710	0.5834600538	0.03916712792
711	0.5836595955	0.03916328241
712	0.5835907881	0.0391598515
713	0.5835563843	0.03915600314
714	0.583866018	0.03915395995
715	0.583866018	0.039151388
716	0.5838247335	0.03914824309
717	0.5838866603	0.03914591933
718	0.5840930828	0.03914418455
719	0.5841618903	0.03914053571
720	0.5843476705	0.03913640774
721	0.5843545513	0.03913526457
722	0.5844233588	0.03913232223
723	0.5844646433	0.03913033132
724	0.584499047	0.03912786173
725	0.5845884968	0.03912618162
726	0.5847261118	0.03912397615
727	0.5847880385	0.03912198713
728	0.5848430845	0.03911612519
729	0.5848912498	0.03910938713
730	0.5849187727	0.03910753513
731	0.5848430845	0.03910050118
732	0.5849462957	0.03909928411
733	0.5849462957	0.0390951142
734	0.5849875802	0.03909115214
735	0.5850701492	0.03908968281
736	0.5850426262	0.03908696238
737	0.5853316177	0.03908518194
738	0.5853040947	0.03908223826
739	0.5855036365	0.03907968452
740	0.585462352	0.03907566671
741	0.5854692327	0.0390742025
742	0.5855105172	0.03907273544
743	0.5854417097	0.03906920061
744	0.5855793247	0.03906736694
745	0.585599967	0.03906486128
746	0.5855036365	0.03906232549
747	0.5855793247	0.03905989744
748	0.5856068477	0.03905739734
749	0.58562749	0.03905469642
750	0.5856412515	0.03905053458
751	0.5856756552	0.03904877458
752	0.5858820777	0.03904648806
753	0.5859440045	0.03904479893
754	0.5859990505	0.03904346144
755	0.586012812	0.03903949568
756	0.5859784082	0.03903649085
757	0.5860196927	0.0390328061
758	0.5860472157	0.03903093102
759	0.5860747387	0.03902917481
760	0.5860472157	0.03902747456
761	0.5861848307	0.03902611471
762	0.5863499687	0.03902355738
763	0.5863086842	0.03902059121
764	0.5863086842	0.03901826518
765	0.5863018034	0.03901556696
766	0.5862467574	0.03901136097
767	0.5862811612	0.0390059349
768	0.5862673997	0.0390045034
769	0.5863018034	0.03900336407
770	0.5863086842	0.03900006548
771	0.5864187762	0.03899841896
772	0.5864325377	0.03899630954
773	0.5864669414	0.03899502654
774	0.5864531799	0.03899291478
775	0.5864600607	0.03899111655
776	0.5864738222	0.03898828921
777	0.5865701527	0.03898709135
778	0.5866320794	0.03898590362
779	0.5866458409	0.03898265211
780	0.5866733639	0.03897872404
781	0.5866664832	0.03897741151
782	0.5867077677	0.03897493623
783	0.5866940062	0.0389736226
784	0.5868316212	0.03896831016
785	0.5868935479	0.03896686649
786	0.5869073094	0.03896525891
787	0.5871206127	0.03896102386
788	0.5871894202	0.03895687064
789	0.5871825394	0.03895434304
790	0.5871825394	0.03895128047
791	0.5872513469	0.03894793024
792	0.5871894202	0.03894462279
793	0.5872031817	0.03894170933
794	0.5872169432	0.03893995414
795	0.5871481357	0.03893618373
796	0.5872582277	0.03893018516
797	0.5872238239	0.03892792936
798	0.5872995122	0.03892479603
799	0.5872857507	0.03892227125
800	0.5873339159	0.03892083972
801	0.5872926314	0.03891917779
802	0.5873132737	0.03891633065
803	0.5872719892	0.03891420995
804	0.5873270352	0.03891321034
805	0.5873683197	0.03890750026
806	0.5873958427	0.03890614446
807	0.5873270352	0.03890304583
808	0.5873820812	0.03890151495
809	0.5875747421	0.03889827643
810	0.5875540999	0.03889590561
811	0.5875747421	0.03889444712
812	0.5875885036	0.03889326
813	0.5874921731	0.03888992744
814	0.5874852924	0.03888786291
815	0.5874508886	0.03888521632
816	0.5874577694	0.03888358604
817	0.5874784116	0.03887984396
818	0.5874646501	0.03887777714
819	0.5874508886	0.03887442873
820	0.5874508886	0.0388689722
821	0.5874302464	0.03886599025
822	0.5875609806	0.03885988919
823	0.5874646501	0.0388571984
824	0.5874440079	0.03885635211
825	0.5874646501	0.03885500697
826	0.5874646501	0.03885078019
827	0.5874027234	0.03884817343
828	0.5874852924	0.03884406305
829	0.5875609806	0.0388428833
830	0.5875747421	0.03884198704
831	0.5876435496	0.03883905778
832	0.5875609806	0.03883627074
833	0.5875403384	0.03883329205
834	0.5875472191	0.03883114387
835	0.5875540999	0.0388292553
836	0.5876160266	0.03882653943
837	0.5876229074	0.03882549625
838	0.5876710726	0.03882426748
839	0.5876504304	0.03882181339
840	0.5876641919	0.03882046555
841	0.5876091459	0.03881493076
842	0.5876091459	0.03881367902
843	0.5877605224	0.03881158189
844	0.5877536416	0.03881038361
845	0.5877398801	0.03880943479
846	0.5878086876	0.03880712675
847	0.5877949261	0.03880602341
848	0.5877811646	0.03880381978
849	0.5879600641	0.03880082537
850	0.5879463026	0.03879974908
851	0.5879807064	0.03879905689
852	0.5880288716	0.0387974294
853	0.5879875871	0.03879614178
854	0.5879394219	0.03879251916
855	0.5881802481	0.03879074025
856	0.5882284134	0.03878775106
857	0.5883247439	0.03878566713
858	0.5882628171	0.03878431378
859	0.5882903401	0.0387825979
860	0.5883178631	0.03878060987
861	0.5885174049	0.03877917333
862	0.5884967626	0.03877281599
863	0.5885105241	0.0387708914
864	0.5884623589	0.03876910827
865	0.5884417166	0.03876478462
866	0.5884692396	0.03876363881
867	0.5885999739	0.0387608271
868	0.5885999739	0.03875887718
869	0.5885999739	0.03875670535
870	0.5886206161	0.0387538793
871	0.5886068546	0.0387526882
872	0.5885724509	0.03874888084
873	0.5885724509	0.03874671013
874	0.5886274969	0.03874525506
875	0.5887651118	0.03874349087
876	0.5887100658	0.03874133605
877	0.5886825428	0.03873898298
878	0.5886756621	0.03873630039
879	0.5886481391	0.0387348205
880	0.5886343776	0.03873222097
881	0.5885999739	0.03872958731
882	0.5886619006	0.03872343325
883	0.5887031851	0.0387209931
884	0.5886687814	0.03871639219
885	0.5887651118	0.03871518911
886	0.5886963043	0.03871280809
887	0.5889096076	0.03871081207
888	0.5888889653	0.03870721651
889	0.5889027268	0.03870655063
890	0.5890678648	0.03870049895
891	0.5890472226	0.0386976437
892	0.5890885071	0.03869633401
893	0.5891160301	0.03869423861
894	0.5891091493	0.03869244942
895	0.5891779568	0.03869064353
896	0.5891848376	0.03868811278
897	0.5892054798	0.03868579093
898	0.5892398836	0.0386837916
899	0.5892949296	0.03867993488
900	0.5893499756	0.03867900584
901	0.5893224526	0.03867565523
902	0.5893499756	0.03867487835
903	0.5893430948	0.03867153346
904	0.5893568563	0.03867078348
905	0.5893706178	0.03866900483
906	0.5895288751	0.03866566758
907	0.5895426366	0.03866405597
908	0.5895288751	0.03866103369
909	0.5895563981	0.03866024068
910	0.5896940131	0.0386584586
911	0.5897903436	0.03865494965
912	0.5898178666	0.03865277194
913	0.5898247473	0.03865183376
914	0.5897628206	0.03864964025
915	0.5897352976	0.03864737694
916	0.5897559398	0.03864556724
917	0.5897490591	0.03864283024
918	0.5897215361	0.03864110667
919	0.5896871323	0.03863895633
920	0.5896527286	0.03863620117
921	0.5897215361	0.03863469436
922	0.5897697013	0.03863367376
923	0.5897697013	0.03863139204
924	0.5897421783	0.03862926938
925	0.5897972243	0.03862847206
926	0.5897765821	0.03862718368
927	0.5898316281	0.03862588584
928	0.5898522703	0.03862425928
929	0.5898729126	0.03862348056
930	0.5898522703	0.038620474
931	0.5897834628	0.03861861038
932	0.5898178666	0.03861617636
933	0.5898316281	0.03861492748
934	0.5897972243	0.03861283782
935	0.5898247473	0.03860892042
936	0.5898385088	0.03860692801
937	0.5898591511	0.03860593402
938	0.5898178666	0.03860441796
939	0.5897972243	0.03860021838
940	0.5897903436	0.03859848376
941	0.5898178666	0.03859635501
942	0.5898522703	0.03859442676
943	0.5900105275	0.03859155343
944	0.5899898853	0.0385899562
945	0.5900724543	0.03858905425
946	0.5901206195	0.03858811521
947	0.5901687848	0.03858701106
948	0.5901687848	0.03858637576
949	0.5901275003	0.03858306651
950	0.5901206195	0.03858247286
951	0.5901206195	0.03858123245
952	0.5900999773	0.03857989307
953	0.5900655735	0.03857809513
954	0.5900862158	0.0385771785
955	0.5901137388	0.03857542022
956	0.5900862158	0.03857458842
957	0.5901687848	0.03857359304
958	0.590161904	0.0385710287
959	0.5901550233	0.03856825359
960	0.5902788768	0.03856405566
961	0.5902788768	0.03856268916
962	0.590299519	0.03856120562
963	0.590327042	0.03856026686
964	0.5903958495	0.03855939017
965	0.5903889688	0.0385588458
966	0.5903132805	0.0385565934
967	0.5903339228	0.03855438444
968	0.590327042	0.03855111636
969	0.590327042	0.03854937204
970	0.5903476843	0.03854772341
971	0.5903408035	0.03854581458
972	0.5902926383	0.03854400621
973	0.5903476843	0.03854217229
974	0.5903752073	0.03854108275
975	0.590354565	0.03854041781
976	0.5903752073	0.0385389275
977	0.5903063998	0.03853720771
978	0.5903063998	0.03853503307
979	0.590271996	0.03853359287
980	0.5902375923	0.03853270018
981	0.5902651153	0.03853191203
982	0.5902788768	0.03853104581
983	0.5902307115	0.03852885656
984	0.5902375923	0.03852781651
985	0.590271996	0.03852487874
986	0.590271996	0.03852342743
987	0.5902582345	0.03852204173
988	0.5902513538	0.03852126571
989	0.5902100693	0.03851971268
990	0.5902238308	0.03851824688
991	0.5902307115	0.03851729914
992	0.5902307115	0.03851467724
993	0.590244473	0.03851357237
994	0.590271996	0.03851167798
995	0.5902788768	0.03850959569
996	0.5902857575	0.03850703396
997	0.5903132805	0.03850614216
998	0.5903063998	0.03850476242
999	0.5902926383	0.03850294611
1000	0.5902375923	0.03850179865
1001	0.5902031885	0.03850071475
1002	0.5902582345	0.03849960057
1003	0.5902582345	0.03849805777
1004	0.590271996	0.03849627853
1005	0.5904577763	0.03849509262
1006	0.5905059415	0.03849304747
1007	0.5905265838	0.03849228055
1008	0.590547226	0.03848928462
1009	0.5906091528	0.0384879101
1010	0.5905816298	0.03848607058
1011	0.5905816298	0.03848390558
1012	0.590657318	0.03848155173
1013	0.5906435565	0.03848067471
1014	0.5906504373	0.03848009057
1015	0.5906986025	0.03847886551
1016	0.5906917218	0.03847741703
1017	0.5907330063	0.03847429643
1018	0.5907054833	0.03847299692
1019	0.5907192448	0.03847157594
1020	0.5907605293	0.03847024843
1021	0.59076741	0.03846828497
1022	0.5908568598	0.03846695752
1023	0.5908568598	0.03846560575
1024	0.5908293368	0.03846291601
1025	0.5908086945	0.03846204633
1026	0.5908362175	0.03845761513
1027	0.5908155753	0.03845501559
1028	0.5908430983	0.0384539309
1029	0.5908706213	0.03845145794
1030	0.5908912635	0.03845033798
1031	0.590932548	0.03844968309
1032	0.5908637405	0.03844787848
1033	0.5908706213	0.03844648491
1034	0.5908981443	0.03844586375
1035	0.5908912635	0.03844543773
1036	0.590849979	0.03844406841
1037	0.5908430983	0.03844269924
1038	0.5908706213	0.03844169572
1039	0.590877502	0.03843852061
1040	0.590932548	0.03843623542
1041	0.5909463095	0.03843567228
1042	0.590960071	0.03843397104
1043	0.5909669518	0.03843256596
1044	0.590960071	0.03843138581
1045	0.5909531903	0.03842928123
1046	0.5910013555	0.03842813538
1047	0.5911458513	0.03842644129
1048	0.591152732	0.03842391339
1049	0.5911664935	0.03842313342
1050	0.5911596128	0.03842165074
1051	0.591125209	0.03842075959
1052	0.591097686	0.03841966842
1053	0.5910908053	0.03841843405
1054	0.59104264	0.03841620843
1055	0.5910495208	0.0384155966
1056	0.5910770438	0.03841405282
1057	0.5910770438	0.03841242839
1058	0.5910770438	0.03841091005
1059	0.5910770438	0.03840981765
1060	0.5911733743	0.0384089964
1061	0.591345393	0.03840701167
1062	0.591455485	0.0384063852
1063	0.5914623657	0.03840492661
1064	0.5914761272	0.03840037324
1065	0.5914623657	0.03839908407
1066	0.5914348427	0.03839715253
1067	0.5914761272	0.03839514055
1068	0.591483008	0.03839408883
1069	0.5914692465	0.03839314988
1070	0.5914417235	0.03839251906
1071	0.5914898887	0.03839175056
1072	0.5916068615	0.03839040672
1073	0.5915793385	0.03838918363
1074	0.5915931	0.03838861939
1075	0.591620623	0.03838624001
1076	0.591675669	0.03838502514
1077	0.5916894305	0.03838383116
1078	0.5916412652	0.03838310951
1079	0.5916412652	0.03837981192
1080	0.591620623	0.03837854143
1081	0.591703192	0.03837664319
1082	0.591730715	0.03837559102
1083	0.591730715	0.0383739597
1084	0.591758238	0.038373028
1085	0.591758238	0.03837257342
1086	0.5917651187	0.03837192168
1087	0.5918201647	0.03837067774
1088	0.5917788802	0.03836815266
1089	0.5917719995	0.03836751618
1090	0.5918339262	0.03836577634
1091	0.5918270455	0.03836413515
1092	0.5918545685	0.03835958603
1093	0.5918820915	0.03835895037
1094	0.5919164952	0.03835700481
1095	0.5918752107	0.0383550254
1096	0.59186833	0.03835450702
1097	0.5918614492	0.03835234955
1098	0.5919096145	0.03835081636
1099	0.5919164952	0.0383488503
1100	0.5919164952	0.03834622189
1101	0.591950899	0.03834554289
1102	0.5919853027	0.03834449953
1103	0.5920197065	0.03834290562
1104	0.5920265872	0.03834183561
1105	0.5920403487	0.03834084343
1106	0.592033468	0.03834026826
1107	0.592005945	0.03833858361
1108	0.5920128257	0.03833754995
1109	0.5920265872	0.03833664292
1110	0.5919577797	0.03833486947
1111	0.591978422	0.03833321289
1112	0.592005945	0.03833244559
1113	0.592005945	0.03833045332
1114	0.5920265872	0.0383294451
1115	0.5920128257	0.03832775537
1116	0.5919921835	0.03832732305
1117	0.5920197065	0.0383266386
1118	0.5919715412	0.03832567788
1119	0.591923376	0.03832316229
1120	0.5919440182	0.03832106404
1121	0.5919577797	0.03831998983
1122	0.5919577797	0.0383189345
1123	0.5920541102	0.03831788829
1124	0.5920678717	0.03831726666
1125	0.592088514	0.0383157056
1126	0.5920541102	0.03831434269
1127	0.592171083	0.03831318227
1128	0.5922054867	0.03830927246
1129	0.5922054867	0.03830772267
1130	0.5922123675	0.0383060055
1131	0.5921917252	0.03830375088
1132	0.5922330097	0.03830099269
1133	0.592226129	0.03830037145
1134	0.5922674135	0.03829983229
1135	0.5922674135	0.03829883959
1136	0.5923293402	0.03829724988
1137	0.592363744	0.03829405538
1138	0.5923775055	0.03829352217
1139	0.5924325515	0.03829222304
1140	0.592391267	0.03829108827
1141	0.5923843862	0.03829015902
1142	0.5923431017	0.03828893156
1143	0.5923224595	0.03828648992
1144	0.5923499825	0.03828531892
1145	0.5923499825	0.03828367252
1146	0.5923431017	0.038282192
1147	0.5923155787	0.03828078901
1148	0.5922398905	0.0382793215
1149	0.5922330097	0.0382783801
1150	0.5922880557	0.03827686527
1151	0.5923224595	0.03827135823
1152	0.592281175	0.03826934338
1153	0.592281175	0.03826760968
1154	0.5922742942	0.0382662659
1155	0.592281175	0.03826550837
1156	0.5922949365	0.03826410605
1157	0.5923018172	0.03826330208
1158	0.5923293402	0.03826214216
1159	0.592391267	0.03825734767
1160	0.5923981477	0.03825655756
1161	0.5924325515	0.03825589518
1162	0.59241879	0.03825376291
1163	0.5924531937	0.03825248637
1164	0.5924050285	0.03825017749
1165	0.5924600744	0.03824891118
1166	0.592446313	0.03824824799
1167	0.5924394322	0.03824765027
1168	0.5924325515	0.03824668845
1169	0.5924325515	0.03824389689
1170	0.592391267	0.03824139237
1171	0.5923775055	0.03823965134
1172	0.5924738359	0.03823837733
1173	0.5924875974	0.0382364305
1174	0.5925082397	0.03823556628
1175	0.5924875974	0.038232636
1176	0.5924807167	0.03823091377
1177	0.592446313	0.03822984034
1178	0.5924050285	0.03822908652
1179	0.5923843862	0.03822763081
1180	0.5923775055	0.03822579202
1181	0.5924119092	0.03822508907
1182	0.59241879	0.0382232232
1183	0.5924325515	0.03822281911
1184	0.5924600744	0.03822106645
1185	0.5923981477	0.03821911485
1186	0.5924050285	0.03821821352
1187	0.592446313	0.03821643941
1188	0.592446313	0.03821483135
1189	0.5924325515	0.03821378964
1190	0.5924944782	0.03821221315
1191	0.5925151204	0.03821110995
1192	0.5925564049	0.03820940226
1193	0.5925908087	0.03820688099
1194	0.5926114509	0.03820546328
1195	0.5927353044	0.03820375811
1196	0.5927628274	0.03820305053
1197	0.5928591579	0.03820161093
1198	0.5928729194	0.03819995153
1199	0.5928316349	0.03819795134
